Category,Review Count
Dentists,36584
General Dentistry,29140
Health & Medical,177475
Oral Surgeons,8600
Cosmetic Dentists,22569
Orthodontists,11483
Hair Stylists,28004
Hair Salons,99583
Men's Hair Salons,12526
Blow Dry/Out Services,11411
Hair Extensions,16669
Beauty & Spas,318279
Departments of Motor Vehicles,2338
Public Services & Government,22252
Sporting Goods,24336
Shopping,384524
American (New),520330
Nightlife,877146
Bars,806693
Sandwiches,335954
American (Traditional),520318
Burgers,276131
Restaurants,3221032
Italian,291739
Real Estate Services,12695
Real Estate,47056
Home Services,205474
Property Management,8900
Coffee & Tea,237333
Ice Cream & Frozen Yogurt,89190
Food,991892
Automotive,191018
Auto Detailing,18997
Breakfast & Brunch,461388
Gluten-Free,64505
Local Services,148341
Self Storage,10208
Bakeries,138809
Bagels,26657
Endodontists,5508
French,80340
Nail Salons,104470
Tires,33988
Oil Change Stations,40919
Auto Repair,99760
Barbers,27950
Books,16971
Mags,16971
Music & Video,16971
Music & DVDs,5038
Fitness & Instruction,56302
Sports Clubs,8071
Gyms,33342
Trainers,24804
Active Life,162478
Sports Bars,115917
Tiki Bars,2334
Mexican,301870
Jewelry,20168
Watch Repair,3202
Tea Rooms,17663
Soup,56501
Salad,165418
Smog Check Stations,7297
Arts & Entertainment,319400
Festivals,6270
Gastropubs,67035
Mediterranean,103549
Pubs,127897
Contractors,31511
Pool & Hot Tub Service,4934
Pool Cleaners,5239
Home & Garden,70309
Furniture Stores,22696
Event Planning & Services,387017
Caterers,88477
Izakaya,1107
Comfort Food,46900
Cocktail Bars,115471
Asian Fusion,170550
Japanese,221763
Tapas/Small Plates,51876
Lighting Fixtures & Equipment,3991
Electricians,5578
TV Mounting,1020
Desserts,187667
Guns & Ammo,7168
Seafood,244235
Fast Food,156626
Tanning,14235
Day Spas,74013
Spray Tanning,7218
Nurseries & Gardening,8201
Performing Arts,48529
Hotels & Travel,265616
Car Rental,19478
Barbeque,122216
Arcades,14079
Chinese,197000
Eyelash Service,38253
Education,30711
Specialty Schools,15864
Art Schools,2032
Body Shops,16114
Auto Glass Services,15247
Home Cleaning,18376
Window Washing,3589
Cafes,159423
Office Cleaning,6618
Carpet Cleaning,13595
Professional Services,55255
Television Service Providers,4581
Home Automation,1908
Home Theatre Installation,1879
Diners,84520
British,21585
Doctors,61232
Orthopedists,2724
Men's Clothing,20448
Women's Clothing,30032
Fashion,89723
Hotels,183729
Chiropractors,11649
Pizza,298069
Dive Bars,21534
Piercing,8206
Tattoo,14403
Jewelry Repair,3837
Lounges,107069
Venues & Event Spaces,93586
Imported Food,12275
Specialty Food,135007
Thai,103615
Ethnic Food,38155
Florists,13318
Wholesale Stores,5906
Flowers & Gifts,27915
Marketing,3238
Graphic Design,3924
Screen Printing,1476
Advertising,1516
Web Design,2790
Screen Printing/T-Shirt Printing,1656
Real Estate Agents,8111
Optometrists,14136
Internal Medicine,3218
Religious Organizations,4217
Food Court,3496
Cuban,4789
Adult Entertainment,16965
Strip Clubs,1681
Dance Schools,1386
Dance Studios,3072
Pets,59387
Veterinarians,22679
Indian,60990
Auto Parts & Supplies,39751
Internet Cafes,5177
Caribbean,20298
Canadian (New),63636
Weight Loss Centers,7474
Physical Therapy,8226
Pet Groomers,25806
Pet Sitting,19865
Pet Services,42032
Pet Training,8409
Donuts,26270
Kitchen & Bath,8572
Countertop Installation,813
Tiling,3838
Appliances & Repair,11413
Arts & Crafts,16870
Flooring,8448
Art Galleries,11635
Head Shops,2554
Tobacco Shops,13495
Chicken Wings,85843
Tacos,18644
Food Trucks,19524
Massage,47510
Massage Therapy,21927
Skin Care,65173
Vegan,73460
Wraps,9827
Motorcycle Repair,3853
Counseling & Mental Health,2756
Department Stores,28221
Home Decor,25242
Discount Store,12103
Wedding Planning,12626
Bridal,9831
Buffets,93549
Sushi Bars,189176
Wine Bars,113223
Air Duct Cleaning,5345
Heating & Air Conditioning/HVAC,21186
Delis,67892
Drugstores,22013
Eyewear & Opticians,12272
Hobby Shops,8874
Grout Services,1386
Damage Restoration,5911
Party & Event Planning,26404
Office Equipment,3430
Convenience Stores,15714
Food Delivery Services,31221
Grocery,70190
Vietnamese,65986
Escape Games,4540
German,17491
Comedy Clubs,5553
Chocolatiers & Shops,14081
Nutritionists,5633
Pest Control,8501
Creperies,17772
Mobile Phones,19902
IT Services & Computer Repair,20837
Electronics Repair,11788
Mobile Phone Repair,12173
Plumbing,19012
Seafood Markets,7724
Health Markets,16198
Cosmetics & Beauty Supply,28309
Vape Shops,8247
Musical Instruments & Teachers,3334
Delicatessen,3769
Septic Services,1487
Local Flavor,34661
Sugar Shacks,95
Transportation,24476
Public Transportation,4219
Hiking,5822
Shoe Stores,14976
Tex-Mex,39669
Adult,1804
Refinishing Services,2092
Accessories,18304
Formal Wear,3459
Greek,53295
Music Venues,57766
Ramen,29293
Gas Stations,14428
Bubble Tea,22972
Parks,17224
Playgrounds,5416
Sewing & Alterations,10361
Shoe Repair,3321
Mobile Dent Repair,1270
Auto Upholstery,524
Motorcycle Dealers,4108
Photography Stores & Services,6215
Yoga,17754
Water Heater Installation/Repair,7473
Juice Bars & Smoothies,67138
Churches,3095
Swimming Pools,10547
Boot Camps,5173
Piano Bars,2651
Shades & Blinds,4269
Interior Design,5218
Building Supplies,8541
Landscape Architects,2585
Landscaping,10804
Hot Dogs,31182
Airlines,7142
Airport Shuttles,7595
Limos,6366
Party Bus Rentals,2332
Plus Size Fashion,1772
Mortgage Brokers,4905
Financial Services,20451
Mortgage Lenders,982
Hair Removal,79720
Waxing,52181
Yelp Events,1444
Karate,303
Martial Arts,4460
Dog Walkers,2840
Sports Wear,7614
Carpeting,6388
Carpet Installation,2329
Dim Sum,24179
Fruits & Veggies,8885
Preschools,4384
Child Care & Day Care,5450
Elementary Schools,2644
Clothing Rental,349
Uniforms,1035
Beer,104338
Wine & Spirits,104338
Noodles,43047
Makeup Artists,19778
Permanent Makeup,6934
Notaries,4093
Printing Services,10386
Shipping Centers,9097
Supernatural Readings,3069
Painters,4431
Stadiums & Arenas,7599
Professional Sports Teams,1319
Accountants,2023
Tax Services,2280
Midwives,802
Urgent Care,9177
Medical Centers,20189
Boxing,2338
Amusement Parks,18951
Cannabis Clinics,2911
Pharmacy,1267
Walk-in Clinics,777
Dance Clubs,49490
Karaoke,15404
Dry Cleaning & Laundry,12402
Laundry Services,12083
Gymnastics,1092
Summer Camps,2019
Movers,15338
Apartments,22147
Pediatric Dentists,7017
Wineries,3478
Belgian,5062
Vegetarian,105783
Medical Spas,16290
International,2097
Modern European,11633
Pressure Washers,2688
Diagnostic Imaging,2855
Diagnostic Services,5318
Bikes,8286
Utilities,1567
Photographers,8203
Session Photography,4422
Video/Film Production,1411
Candy Stores,8572
Steakhouses,180898
Solar Installation,1729
Reflexology,9652
Computers,10471
Electronics,24188
Shopping Centers,17572
Car Stereo Installation,3919
Videos & Video Game Rental,3291
Parking,2117
Paintball,546
Airsoft,107
Cantonese,10886
Used Bookstore,379
Souvenir Shops,2165
Bookstores,7234
Muay Thai,137
Kickboxing,560
Gift Shops,8140
Personal Injury Law,3174
Lawyers,6426
Korean,61370
Employment Agencies,1167
Career Counseling,648
Museums,17930
International Grocery,2574
Southern,49057
Hungarian,783
Hot Tub & Pool,3569
Windows Installation,4254
Glass & Mirrors,2224
Windshield Installation & Repair,8769
Whiskey Bars,4742
Auto Customization,6540
Car Wash,23416
Artificial Turf,791
Antiques,6083
Used,9657
Vintage & Consignment,9657
Toy Stores,6807
Thrift Stores,6619
Community Service/Non-Profit,5288
Latin American,37255
Pakistani,16498
Halal,20847
Recreation Centers,4711
Badminton,67
Door Sales/Installation,3693
Chicken Shop,13384
Party Equipment Rentals,2773
Car Dealers,50895
Appliances,12653
Ethical Grocery,556
Drywall Installation & Repair,1758
Handyman,8067
Hospitals,8705
Travel Services,7945
Social Clubs,6441
Gun/Rifle Ranges,5417
Masonry/Concrete,2423
Home Organization,1692
Laundromat,1286
Post Offices,3549
Climbing,1484
Cardiologists,907
Towing,7813
Roadside Assistance,1505
Party Supplies,4212
Internet Service Providers,7590
Appraisal Services,648
Commercial Real Estate,1410
Pet Stores,16636
Acupuncture,5697
Train Stations,814
Life Coach,2055
Casinos,115676
Cinema,20192
Signmaking,2494
Customized Merchandise,950
Engraving,388
Wine Tours,379
Walking Tours,732
Food Tours,822
Tours,17289
Mattresses,11080
Cupcakes,14464
Custom Cakes,6042
Pet Transportation,350
Security Systems,6075
Fire Protection Services,498
Amateur Sports Teams,2559
Fish & Chips,15962
Poutineries,6937
Tabletop Games,1020
Comic Books,2609
Furniture Reupholstery,2338
Furniture Repair,532
Cabinetry,1936
Pilates,5410
Barre Classes,2782
Threading Services,6185
Horseback Riding,1383
Fences & Gates,1849
Metal Fabricators,791
Irish,16649
Shutters,1293
Gutter Services,935
Waterproofing,233
Water Purification Services,3526
Kids Activities,7179
Auto Electric Services,235
Golf,11712
Middle Eastern,47730
Family Practice,8348
Pediatricians,4751
Resorts,57671
Used Car Dealers,5820
Bed & Breakfast,2861
Bike Repair/Maintenance,4242
Dog Parks,2833
Shaved Ice,9752
Event Photography,4743
Tapas Bars,34572
Transmission Repair,7194
First Aid Classes,403
CPR Classes,559
Golf Lessons,582
Himalayan/Nepalese,2320
Banks & Credit Unions,8340
Street Vendors,9374
Guest Houses,711
Cajun/Creole,28119
Live/Raw Food,6857
Floral Designers,1033
Surgeons,1040
Garage Door Services,6076
Baby Gear & Furniture,4213
Farmers Market,11502
Hardware Stores,8673
Laboratory Testing,1931
Fingerprinting,382
Skydiving,468
Cheesesteaks,12483
Telecommunications,1980
Bail Bondsmen,205
Breweries,50931
Hawaiian,32069
Tai Chi,254
Eyebrow Services,8337
Virtual Reality Centers,140
Vitamins & Supplements,2929
Mobile Phone Accessories,3240
Plastic Surgeons,817
Cosmetic Surgeons,4749
Outdoor Gear,5339
Laser Hair Removal,8237
Dermatologists,4214
Bike Rentals,4716
Tattoo Removal,2804
Occupational Therapy,704
Afghan,3797
Food Stands,9725
Ethiopian,3900
Russian,2505
RV Repair,1492
RV Dealers,1590
Wheel & Rim Repair,7450
Sleep Specialists,395
Neurologist,863
African,8548
Soccer,653
Spine Surgeons,263
Ear Nose & Throat,1265
Talent Agencies,245
Pool Halls,4755
Title Loans,447
Auto Loan Providers,2239
Check Cashing/Pay-day Loans,974
Preventive Medicine,48
Libraries,2980
Videographers,1227
Real Estate Photography,358
Wedding Chapels,2506
Personal Chefs,1286
Siding,353
Roof Inspectors,135
Roofing,2802
Cannabis Dispensaries,1800
Maternity Wear,687
Children's Clothing,5297
Farms,1085
Meat Shops,13205
Mountain Biking,1699
Truck Rental,2294
Commercial Truck Repair,549
Jazz & Blues,7845
Egyptian,560
Home Inspectors,2871
Taiwanese,15377
Country Clubs,741
Shared Office Spaces,670
Brasseries,9519
Scottish,2346
Data Recovery,2834
Community Centers,346
Malaysian,5434
Paint & Sip,1682
Art Classes,2751
Pain Management,1306
Audiologist,522
Hearing Aid Providers,396
Installment Loans,294
Campgrounds,869
Cards & Stationery,3628
Ophthalmologists,4315
Radiologists,1471
Irish Pub,6722
Private Tutors,698
Junk Removal & Hauling,2650
Couriers & Delivery Services,4123
Packing Services,3089
Laser Eye Surgery/Lasik,2624
Paint Stores,671
Bankruptcy Law,1106
Kosher,4074
Packing Supplies,860
Szechuan,6756
Periodontists,4133
Ski & Snowboard Shops,247
Sports Medicine,3629
Cheese Shops,3901
Irrigation,3172
Home & Rental Insurance,2493
Auto Insurance,3009
Insurance,6696
Historical Tours,729
Motorcycle Rental,509
ATV Rentals/Tours,1010
Reiki,2674
Piano Stores,79
Musical Instrument Services,1611
Firearm Training,830
Trophy Shops,211
Patisserie/Cake Shop,6417
Vinyl Records,2150
Real Estate Law,757
Macarons,4526
Portuguese,6776
Security Services,1112
Retirement Homes,821
Rehabilitation Center,1647
Life Insurance,1310
Dry Cleaning,2886
Personal Shopping,1607
Lingerie,3092
Hakka,461
Podiatrists,1503
Bistros,3854
Pet Adoption,2155
Persian/Iranian,6943
Kebab,1690
Home Staging,1144
Party Characters,248
Beer Bar,30387
Cardio Classes,1127
Interval Training Gyms,2710
Gold Buyers,1554
Pawn Shops,2720
Tree Services,4941
Gardeners,2807
Personal Assistants,629
Motorcycle Gear,1335
Keys & Locksmiths,6787
Face Painting,376
Clowns,92
Matchmakers,85
Boat Repair,586
Payroll Services,682
Coffee Roasteries,5614
Swimming Lessons/Schools,1108
Sugaring,1317
Hydro-jetting,1122
Home Network Installation,729
Luggage,955
Curry Sausage,345
Swabian,2582
Home Window Tinting,4971
Golf Equipment,773
Registration Services,919
Do-It-Yourself Food,6098
Tennis,1005
Battery Stores,689
Beverage Store,1088
DJs,1995
Airports,14315
Vocational & Technical School,921
Flight Instruction,264
Gay Bars,4387
Filipino,10082
Eatertainment,1809
Watches,4622
Olive Oil,311
Art Supplies,3682
Flea Markets,771
Henna Artists,1876
Blood & Plasma Donation Centers,357
Currency Exchange,273
Pan Asian,4463
Public Relations,203
Video Game Stores,1186
Naturopathic/Holistic,4661
Lebanese,9059
Landmarks & Historical Buildings,9338
Botanical Gardens,4015
Distilleries,1310
Travel Agents,374
Turkish,6873
Middle Schools & High Schools,987
Divorce & Family Law,1687
Polish,4211
Psychiatrists,600
Doulas,486
Lactation Services,550
Childbirth Education,191
Car Window Tinting,4551
Nail Technicians,2031
Public Art,317
Salvadoran,2154
Costumes,1684
Recycling Center,922
Knitting Supplies,1499
Synagogues,98
Herbs & Spices,1341
Farming Equipment,162
Orthotics,473
Scuba Diving,402
Diving,441
Chinese Martial Arts,86
Outlet Stores,6277
Embroidery & Crochet,819
Poke,12609
DUI Law,1691
Criminal Defense Law,2460
Spanish,17677
Hunting & Fishing Supplies,929
Fishing,567
Art Space Rentals,33
Feng Shui,34
Oncologist,247
Musicians,1857
Scavenger Hunts,116
Spiritual Shop,634
Leather Goods,2819
Pet Boarding,2632
Butcher,7874
Prenatal/Perinatal Care,150
Fabric Stores,2203
RV Rental,1333
Skating Rinks,1309
Fur Clothing,53
Newspapers & Magazines,753
Races & Competitions,472
Shredding Services,404
Officiants,767
Brazilian,10392
Leisure Centers,1512
Mailbox Centers,631
Traffic Ticketing Law,605
General Litigation,1028
Estate Planning Law,850
Nicaraguan,183
CSA,298
Swimwear,970
Bowling,7395
Taxis,5776
Race Tracks,1130
Medical Supplies,1650
Pool & Billiards,547
Beer Garden,3143
Beach Bars,31
Hot Pot,6321
Fondue,5041
Mongolian,4234
Paddleboarding,557
Rafting/Kayaking,1674
Vehicle Wraps,1743
Flowers,112
Medical Foot Care,11
Tasting Classes,831
Wine Tasting Classes,83
Popcorn Shops,1683
Hostels,1978
Bartenders,561
Carpenters,501
Patio Coverings,905
Decks & Railing,470
Business Consulting,621
Piano Services,443
Vacation Rentals,4386
Rolfing,136
Puerto Rican,1311
Animal Shelters,2251
Cooking Schools,1497
Water Stores,397
Funeral Services & Cemeteries,1252
Soul Food,22608
Airport Lounges,1294
Meditation Centers,902
Health Retreats,1839
Hookah Bars,6905
Recording & Rehearsal Studios,339
Allergists,1076
Vascular Medicine,76
Observatories,636
Mini Golf,2870
Obstetricians & Gynecologists,6038
Milkshake Bars,14
Home Health Care,1638
Assisted Living Facilities,256
Hospice,308
Retina Specialists,108
Auction Houses,545
Hydrotherapy,314
Mass Media,2541
Print Media,1236
Boating,1587
Ranches,33
Health Insurance Offices,214
Hair Loss Centers,687
Insulation Installation,833
Car Buyers,955
Colleges & Universities,3187
Massage Schools,405
Cosmetology Schools,2401
Home Energy Auditors,537
Donairs,568
Bookkeepers,430
Team Building Activities,1324
Arabian,2332
Falafel,3925
Grilling Equipment,200
Debt Relief Services,154
Financial Advising,1731
Zoos,4280
Cremation Services,218
Driving Schools,1514
Gelato,10019
Legal Services,1557
Bingo Halls,194
Trinidadian,164
Framing,1146
Argentine,2559
Emergency Rooms,1727
Dental Hygienists,252
Pretzels,2392
Rugs,1786
Speech Therapists,349
Architects,425
Marinas,158
Boat Charters,738
Employment Law,487
Beer Gardens,8839
Photo Booth Rentals,1266
Paint-Your-Own Pottery,383
Nurse Practitioner,113
Clock Repair,93
Dumpster Rental,102
Wigs,1620
Fitness/Exercise Equipment,821
Vehicle Shipping,270
Commercial Truck Dealers,248
Saunas,438
Organic Stores,6949
RV Parks,755
Montessori Schools,207
Waffles,10532
Educational Services,2263
Outdoor Furniture Stores,913
South African,517
Kitchen Incubators,93
Spin Classes,260
Cycling Classes,1769
Brewpubs,2264
Smokehouse,6618
Powder Coating,296
Nanny Services,308
Buses,1131
University Housing,996
Czech,274
Boudoir Photography,299
Wine Tasting Room,705
Peruvian,5580
Cooking Classes,947
Hypnosis/Hypnotherapy,504
Oriental,27
Mobile Home Parks,33
Water Delivery,706
Venezuelan,2534
Emergency Pet Hospital,1743
Pop-up Shops,213
Hazardous Waste Disposal,12
Aquarium Services,603
Pet Insurance,262
Business Law,581
Television Stations,647
Bus Tours,1053
Teppanyaki,4193
Valet Services,167
Private Investigation,453
Ticket Sales,1806
Traditional Chinese Medicine,1527
Basketball Courts,330
Snow Removal,202
Tanning Beds,1798
Beaches,1015
Knife Sharpening,269
Skate Shops,364
Surf Shop,107
Basque,1475
Sex Therapists,85
Haunted Houses,809
Cafeteria,1287
Junkyards,51
High Fidelity Audio Equipment,330
Acai Bowls,2976
Day Camps,332
Psychics,448
Slovakian,29
Go Karts,1619
Guitar Stores,882
Mortuary Services,82
Embassy,63
Cabaret,540
Editorial Services,281
Well Drilling,6
Bangladeshi,514
IV Hydration,552
Wholesalers,1003
Estate Liquidation,228
Magicians,2588
Stucco Services,389
Candle Stores,120
Haitian,166
Prosthetics,139
Traffic Schools,160
Skilled Nursing,186
Home Developers,25
Horse Boarding,233
Trains,465
Awnings,426
Syrian,213
Mobile Home Dealers,10
Livestock Feed & Supply,347
Cryotherapy,306
Pasta Shops,4208
Bespoke Clothing,1461
Adult Education,1837
Tutoring Centers,684
Coffee & Tea Supplies,490
Trampoline Parks,1780
Laser Tag,1355
Aerial Fitness,287
Christmas Markets,161
Safe Stores,291
Circuit Training Gyms,281
Chimney Sweeps,272
Boat Dealers,401
Auto Security,473
Immigration Law,454
Car Brokers,100
Endocrinologists,534
Taekwondo,238
Speakeasies,1036
Bartending Schools,85
Religious Schools,114
New Mexican Cuisine,10758
Cannabis Collective,93
Language Schools,172
Investing,670
Holiday Decorating Services,144
Holiday Decorations,364
Pita,87
Singaporean,1755
Special Education,629
Duplication Services,25
Ethnic Grocery,478
Fireplace Services,625
Pet Photography,190
Beach Volleyball,3
Water Parks,1329
Ski Resorts,542
Ski Schools,12
Condominiums,206
Champagne Bars,1605
Indonesian,1248
Fertility,745
Children's Museums,891
Placenta Encapsulations,195
Brewing Supplies,363
Aquariums,4632
Acne Treatment,399
Wallpapering,57
Process Servers,99
Body Contouring,340
Art Restoration,110
Town Car Service,329
Civic Center,167
Challenge Courses,2659
Contract Law,101
IP & Internet Law,42
Vacation Rental Agents,363
Swiss Food,17
Rock Climbing,1046
Reptile Shops,116
Motorsport Vehicle Repairs,189
Cambodian,1592
Police Departments,434
Senior Centers,40
Japanese Curry,350
Addiction Medicine,117
Colonics,386
Fire Departments,23
Test Preparation,397
Homeowner Association,63
Psychologists,185
Float Spa,661
Coffeeshops,1086
Art Museums,1752
Udon,289
Car Inspectors,223
Trailer Repair,355
Personal Care Services,145
Golf Cart Dealers,23
Country Dance Halls,1402
Ziplining,428
Caricatures,64
Sri Lankan,441
Beer Tours,352
Motorsport Vehicle Dealers,227
Veterans Organizations,14
Environmental Testing,89
Tuscan,1125
Aircraft Repairs,55
Colombian,2361
Scandinavian,1410
Trailer Rental,172
Fishmonger,16
Fischbroetchen,27
Moroccan,2742
Christmas Trees,1243
Aircraft Dealers,23
College Counseling,118
Environmental Abatement,160
LAN Centers,56
Demolition Services,252
Car Share Services,548
Striptease Dancers,352
Rest Stops,49
Wills,357
Trusts,357
& Probates,357
Wildlife Control,298
Furniture Assembly,701
Dietitians,119
Skate Parks,399
Urologists,507
Software Development,260
Medical Transportation,506
Game Truck Rental,70
Gastroenterologist,441
Propane,704
Balloon Services,71
Prosthodontists,356
Generator Installation/Repair,140
Golf Equipment Shops,280
Golf Cart Rentals,93
Restaurant Supplies,169
Oxygen Bars,440
Carousels,17
Party Bike Rentals,188
Pet Breeders,380
Behavior Analysts,25
Concept Shops,52
Airport Terminals,392
Club Crawl,531
Hepatologists,48
Courthouses,239
Bird Shops,180
Concierge Medicine,141
Dominican,405
Excavation Services,49
Mobile Home Repair,3
Shoe Shine,233
Medical Cannabis Referrals,231
Anesthesiologists,264
Hats,484
Firewood,233
Machine & Tool Rental,132
Solar Panel Cleaning,140
Dinner Theater,770
Brazilian Jiu-jitsu,323
Holistic Animal Care,135
Lawn Services,265
Structural Engineers,24
Disc Golf,436
Bicycles,149
Bike Shop,146
Pick Your Own Farms,406
Pumpkin Patches,205
Lakes,1107
Baseball Fields,2103
Batting Cages,257
Teeth Whitening,1407
Fireworks,26
Astrologers,81
Psychic Mediums,168
Scooter Rentals,130
Duty-Free Shops,17
Osteopathic Physicians,459
Ayurveda,53
Business Financing,113
Rodeo,8
Disability Law,10
Habilitative Services,7
Social Security Law,96
Architectural Tours,268
Tui Na,80
Radio Stations,535
Car Auctions,93
Pop-Up Restaurants,170
Tenant and Eviction Law,53
Traditional Norwegian,3
Community Gardens,43
Military Surplus,71
Local Fish Stores,576
Self-defense Classes,677
Iberian,95
Pet Cremation Services,419
Archery,815
Sailing,88
Traditional Clothing,18
Sports Psychologists,16
Ukrainian,1145
Opera & Ballet,832
Rheumatologists,127
Squash,43
Cideries,272
Bounce House Rentals,159
Cultural Center,818
Commissioned Artists,70
Furniture Rental,136
Music Production Services,78
Animal Physical Therapy,95
Hot Air Balloons,548
Buddhist Temples,189
Tableware,30
Parenting Classes,89
Trailer Dealers,175
Pole Dancing Classes,332
Pulmonologist,162
Dance Wear,96
Jet Skis,271
Private Jet Charter,44
Health Coach,101
Donation Center,66
Dive Shops,72
Carpet Dyeing,162
Pet Hospice,240
House Sitters,144
Workers Compensation Law,360
Medical Law,74
Castles,165
Serbo Croatian,94
Snorkeling,21
Mobility Equipment Sales & Services,130
Tubing,164
Austrian,521
Pensions,18
Tax Law,170
Hearing Aids,18
Cigar Bars,419
Translation Services,530
Pedicabs,52
Immunodermatologists,88
Adoption Services,134
Sandblasting,28
Mystics,12
Lice Services,125
3D Printing,44
Fencing Clubs,9
Uzbek,122
Horse Equipment Shops,114
Honey,20
Fun Fair,44
General Festivals,63
Erotic Massage,20
Religious Items,46
Infectious Disease Specialists,11
Glass Blowing,20
Qi Gong,42
Alternative Medicine,43
Bookbinding,30
Elder Care Planning,26
Bike Sharing,97
Farm Equipment Repair,179
Racing Experience,827
Shaved Snow,716
Childproofing,155
Cheerleading,8
Customs Brokers,22
Food Banks,78
Trivia Hosts,13
Indoor Playcentre,74
Mauritius,19
Australian,403
Foundation Repair,275
Tempura,16
Tonkatsu,16
Backflow Services,80
Burmese,445
Beach Equipment Rentals,50
Toxicologists,9
Machine Shops,23
Cable Cars,37
Metro Stations,33
Empanadas,838
Emergency Medicine,143
Halotherapy,97
Armenian,341
Passport & Visa Services,218
Boat Tours,94
Supper Clubs,231
Misting System Services,95
Backshop,83
Teacher Supplies,54
Laotian,2218
Unofficial Yelp Events,41
Bus Rental,6
Free Diving,30
Product Design,87
Mediators,95
Surf Schools,7
Drive-In Theater,475
Hindu Temples,25
Nursing Schools,27
Mosques,23
DIY Auto Shop,64
Ice Delivery,50
Visitor Centers,74
Private Schools,9
Tickets,13
Municipality,3
Bar Crawl,260
Public Adjusters,10
Bavarian,465
Attraction Farms,64
Senegalese,4
Proctologists,16
Perfume,82
Beer Hall,183
Cheese Tasting Classes,185
Hydroponics,61
Shanghainese,558
Conveyor Belt Sushi,31
Kombucha,46
Public Plazas,12
Horse Racing,159
Bike Repair,31
Patent Law,10
Aerial Tours,304
Planetarium,78
Crane Services,14
Photography Classes,42
Honduran,141
Storefront Clinics,11
Choirs,19
Pub Food,129
Themed Cafes,198
Audio/Visual Equipment Rental,39
Gunsmith,55
Registry Office,4
Neurotologists,43
Digitizing Services,24
Baguettes,3
Bike tours,81
Surfing,51
Hotel bar,238
Wok,14
Cannabis Tours,105
Parent Cafes,14
Public Markets,1684
Taxidermy,70
Petting Zoos,154
Phlebologists,25
Hong Kong Style Cafe,123
Town Hall,5
Bubble Soccer,26
Agriturismi,12
Waldorf Schools,12
Skiing,24
Herbal Shops,71
Flyboarding,13
Indoor Landscaping,11
Eastern German,6
Scooter Tours,42
Sicilian,48
Drive-Thru Bars,99
Pathologists,19
Hang Gliding,5
Hybrid Car Repair,26
Entertainment Law,3
Osteopaths,10
Outdoor Movies,6
Schnitzel,11
Baden,17
Gerontologists,73
Mulled Wine,5
Calligraphy,4
DUI Schools,5
Hainan,19
Art Tours,127
Street Art,1109
Bulgarian,16
EV Charging Stations,8
Island Pub,39
Nephrologists,3
Kiosk,9
Land Surveying,59
Undersea/Hyperbaric Medicine,3
Eastern European,100
Halfway Houses,4
Homeless Shelters,14
Market Stalls,765
Czech/Slovakian,29
Palatine,26
Guamanian,279
Ceremonial Clothing,8
Flatbread,43
Sledding,33
Neuropathologists,21
Otologists,5
Alsatian,11
Friterie,24
Linens,5
Game Meat,55
Playsets,3
Georgian,6
Dialysis Clinics,4
Animal Assisted Therapy,8
Bike Parking,3
Churros,4
Reunion,42
Luggage Storage,26
Interlock Systems,15
Makerspaces,10
Fuel Docks,17
Rotisserie Chicken,56
Minho,4
Soba,51
Signature Cuisine,3
